FF5C0,100180,farmBusiness
100180,109920,cutsceneBank2
109920,10EA80,cutsceneBank3
10EA80,10F980,cutsceneBank4
10F980,115310,cutsceneBank5
115310,1175F0,cutsceneBank6
1175F0,118D70,cutsceneBank7
118D70,120910,cutsceneBank8
120910,123CE0,cutsceneBank9
123CE0,125200,cutsceneBank10
125200,129760,cutsceneBank11
129760,12FE90,cutsceneBank12
12FE90,134510,cutsceneBank13
134510,135F40,cutsceneBank14
135F40,136930,fireworksFestival
136930,1385E0,cutsceneBank16
1385E0,139840,cutsceneBank17
139840,13AFC0,cutsceneBank18
13AFC0,13D470,cutsceneBank19
13D470,13FAC0,cutsceneBank20
13FAC0,144F60,cutsceneBank21
144F60,1485B0,cutsceneBank22
1485B0,149CC0,cutsceneBank23
149CC0,14B8F0,cutsceneBank24
14B8F0,150120,cutsceneBank25
150120,1510B0,cutsceneBank26
1510B0,159330,cutsceneBank27
